{
    "loss": 1.5115402936935425,
    "accuracy": 0.8273381590843201
}